0,-113.329895,0.000000,380.199707
1,-132.706299,0.000000,391.945312
2,-91.380005,0.000000,399.388672
3,-107.133057,0.000000,420.763184
4,-99.670410,0.000000,428.343262
5,8.221436,0.000000,345.440430
6,54.032898,0.000000,284.594727
7,-11.450928,0.000000,283.707031
8,-17.819702,0.000000,293.404297
9,-27.243958,0.000000,306.105957
10,-41.969177,0.000000,327.139160
11,-23.094727,0.000000,287.189941
12,-27.513916,0.000000,281.112305
13,-55.400696,0.000000,297.569824
14,-51.497437,0.000000,306.105957
15,-69.184143,0.000000,305.149902
16,-70.517883,0.000000,303.852539
17,-79.264221,0.000000,448.761719
18,-91.839905,0.000000,467.473145
19,-106.325195,0.000000,454.907715
20,-122.530151,0.000000,441.864746
21,-155.751953,0.000000,405.944824
22,-207.918213,0.000000,266.976074
23,-205.082764,0.000000,257.005859
24,-180.315369,0.000000,245.875000
25,-204.630859,0.000000,253.523438
26,-177.929810,0.000000,245.055176
27,-135.005859,0.000000,188.307129
28,-148.007446,0.000000,188.853516
29,-167.761719,0.000000,189.809570
30,-225.276978,0.000000,213.574219
31,-20.659180,0.000000,516.914551
32,-15.954041,0.000000,495.676758
33,23.904480,0.000000,191.038574
34,32.988831,0.000000,183.868164
35,-360.687744,0.000000,305.900879
36,-421.134460,0.000000,333.558105
37,-51.511414,0.000000,184.004883
38,-88.974426,0.000000,186.326660
39,-58.416138,0.000000,202.374512
40,-86.396912,0.000000,203.535645
41,-84.125366,0.000000,218.627441
42,-143.338318,0.000000,423.017090
43,-67.104492,0.000000,352.269531
44,-80.677979,0.000000,360.532227
45,-56.706482,0.000000,350.630371
46,-69.412109,0.000000,369.478027
47,63.225159,0.000000,187.214355
48,52.845093,0.000000,199.233398
49,137.063416,0.000000,147.197266
50,110.570312,0.000000,156.894043
51,42.622986,0.000000,191.312012
52,197.032227,0.000000,46.470703
53,168.701538,0.000000,63.337891
54,138.979004,0.000000,82.049316
55,67.270386,0.000000,180.249023
56,56.846375,0.000000,176.629883
57,119.586670,0.000000,87.648926
58,100.960144,0.000000,85.873535
59,85.393005,0.000000,198.823730
60,99.992310,0.000000,209.408691
61,77.886414,0.000000,160.718262
62,74.653015,0.000000,167.479004
63,-26.458130,0.000000,171.712891
64,-134.185974,0.000000,205.994141
65,-133.502136,0.000000,220.812988
66,-33.412781,0.000000,161.059570
67,-58.794067,0.000000,162.562012
68,-60.201782,0.000000,137.636719
69,-4.910095,0.000000,136.543945
70,-14.816284,0.000000,137.158691
71,-31.867065,0.000000,137.500000
72,-39.027771,0.000000,96.390137
73,-179.463562,0.000000,216.783691
74,-179.437561,0.000000,225.661133
75,-217.014526,0.000000,300.028320
76,-212.691345,0.000000,285.550781
77,-172.252869,0.000000,269.639648
78,76.896606,0.000000,276.673340
79,73.541260,0.000000,281.863281
80,62.143372,0.000000,426.977539
81,68.598145,0.000000,444.937500
82,42.970947,0.000000,402.734863
83,35.228394,0.000000,416.324707
84,52.247192,0.000000,466.312012
85,28.503662,0.000000,423.631348
86,131.780396,0.000000,607.807129
87,128.960876,0.000000,604.734375
88,175.952148,0.000000,571.477539
89,182.692871,0.000000,560.209961
90,173.948486,0.000000,574.755371
91,119.822632,0.000000,587.388672
92,145.873718,0.000000,597.154297
93,93.119568,0.000000,467.063477
94,97.478760,0.000000,455.727539
95,91.321899,0.000000,375.419434
96,94.523315,0.000000,370.229492
97,101.507996,0.000000,379.516602
98,95.235168,0.000000,547.849609
99,91.991821,0.000000,555.498047
100,95.643127,0.000000,425.543457
101,89.090332,0.000000,433.055664
102,80.265991,0.000000,406.217773
103,83.297424,0.000000,439.952637
104,70.717773,0.000000,451.425293
105,58.546021,0.000000,476.145996
106,164.630249,0.000000,587.320801
107,146.283691,0.000000,517.665527
108,136.527466,0.000000,545.732422
109,125.757507,0.000000,571.477539
110,126.969299,0.000000,571.818848
111,60.295715,0.000000,411.407715
112,59.197937,0.000000,419.465820
113,37.841919,0.000000,397.135254
114,89.018372,0.000000,407.378906
115,89.078369,0.000000,406.217773
116,111.262207,0.000000,439.611328
117,108.716675,0.000000,447.464355
118,49.737671,0.000000,248.947754
119,32.039001,0.000000,263.903320
120,20.453125,0.000000,252.908691
121,21.330994,0.000000,273.941895
122,12.194702,0.000000,282.545898
123,2.968384,0.000000,268.819824
124,-44.396729,0.000000,321.812500
125,-263.743835,0.000000,278.858398
126,-278.443054,0.000000,231.397461
127,-282.438354,0.000000,233.514648
128,-158.903381,0.000000,407.788574
129,-374.889099,0.000000,367.224609
130,-380.068115,0.000000,367.907715
131,-356.380554,0.000000,450.469238
132,-366.766602,0.000000,459.893066
133,-372.709503,0.000000,433.601562
134,-404.693512,0.000000,474.370117
135,-424.607819,0.000000,482.633301
136,-318.425598,0.000000,443.708496
137,-333.538818,0.000000,428.138672
138,-360.515747,0.000000,485.228516
139,-392.815735,0.000000,498.476562
140,-414.775635,0.000000,507.148926
141,-376.618774,0.000000,491.442871
142,-386.374939,0.000000,467.541504
143,-96.872986,0.000000,370.297852
144,-274.803772,0.000000,318.192871
145,-279.462891,0.000000,325.158691
146,-263.951782,0.000000,335.538574
147,-249.418518,0.000000,316.144531
148,-233.791443,0.000000,362.375977
149,-229.136292,0.000000,345.030762
150,-262.909973,0.000000,386.960449
151,-289.315063,0.000000,369.273438
152,-283.488159,0.000000,353.771484
153,-293.194336,0.000000,345.850098
154,-273.963928,0.000000,253.523438
155,-255.505371,0.000000,244.577148
156,-257.219055,0.000000,236.587402
157,88.586426,0.000000,521.353516
158,91.131958,0.000000,525.177246
159,-81.581787,0.000000,385.936035
160,14.122314,0.000000,368.727051
161,23.958496,0.000000,355.820312
162,-237.792664,0.000000,378.355957
163,-241.090027,0.000000,392.969727
164,-165.492126,0.000000,284.321777
165,39.377625,0.000000,322.427246
166,43.654846,0.000000,315.529785
167,57.738220,0.000000,313.276367
168,53.786926,0.000000,322.904785
169,10.219055,0.000000,375.897461
170,-127.849182,0.000000,296.067383
171,-146.717651,0.000000,311.773926
172,-157.775574,0.000000,297.706543
173,-151.748718,0.000000,260.420410
174,-138.515198,0.000000,282.819336
175,-211.029663,0.000000,380.950684
176,-216.998535,0.000000,387.711426
177,-242.543762,0.000000,400.003418
178,-59.171997,0.000000,347.557617
179,-191.507324,0.000000,326.046387
180,-119.094788,0.000000,267.181152
181,-98.500671,0.000000,253.591309
182,-69.680054,0.000000,263.425293
183,-78.892334,0.000000,252.430664
184,175.420288,0.000000,625.016113
185,173.534546,0.000000,629.045410
186,133.220093,0.000000,614.363281
187,207.242310,0.000000,40.324707
188,-241.134033,0.000000,-244.031494
189,-157.249695,0.000000,36.090820
190,46.468323,0.000000,349.947754
191,60.339722,0.000000,387.506348
192,-166.677917,0.000000,185.166016
193,-161.060974,0.000000,183.048828
194,-415.653473,0.000000,451.629883
195,-395.071320,0.000000,443.435547
196,-392.751740,0.000000,442.547852
197,-375.179016,0.000000,420.285156
198,-336.344299,0.000000,419.670898
199,-399.150543,0.000000,425.270508
200,-400.836243,0.000000,408.402832
201,-404.239594,0.000000,373.166016
202,-341.613281,0.000000,388.530762
203,-353.953003,0.000000,388.394531
204,-378.342438,0.000000,389.555176
205,-402.373962,0.000000,391.876953
206,-129.192932,0.000000,220.607910
207,-130.252747,0.000000,205.242676
208,-128.069153,0.000000,236.997070
209,-80.703979,0.000000,236.792480
210,-127.267273,0.000000,238.772949
211,-104.419556,0.000000,236.724121
212,-179.299561,0.000000,209.271973
213,16.573853,0.000000,410.998047
214,17.631653,0.000000,411.270996
215,20.421143,0.000000,410.247070
216,21.394958,0.000000,408.539551
217,93.421509,0.000000,565.741211
218,96.103027,0.000000,572.433594
219,118.156921,0.000000,598.314941
220,-36.390259,0.000000,585.408691
221,-36.320251,0.000000,595.105469
222,-41.469299,0.000000,614.021484
223,-48.775940,0.000000,510.768555
224,-45.274597,0.000000,504.212891
225,-23.110718,0.000000,449.581543
226,-15.140198,0.000000,446.508301
227,-358.920044,0.000000,323.929199
228,-361.745544,0.000000,325.158691
229,-361.163635,0.000000,327.890137
230,-461.552917,0.000000,361.897949
231,-356.582520,0.000000,330.963379
232,-358.198181,0.000000,326.865723
233,105.319336,0.000000,637.991211
234,104.581421,0.000000,638.400879
235,17.797668,0.000000,178.063965
236,21.161011,0.000000,165.703613
237,187.513916,0.000000,694.807617
238,136.257568,0.000000,622.967773
239,-61.121643,0.000000,426.977539
240,-49.269836,0.000000,409.358887
241,-13.558533,0.000000,325.021973
242,-218.758240,0.000000,577.282227
243,-162.608704,0.000000,496.974121
244,149.649048,0.000000,197.116211
245,142.694336,0.000000,203.945312
246,94.591309,0.000000,636.830078
247,92.595703,0.000000,631.913574
248,-227.426575,0.000000,419.056152
249,-243.867554,0.000000,406.422852
250,-301.760742,0.000000,420.080566
251,-308.553467,0.000000,455.932129
252,-335.462463,0.000000,467.746094
253,-356.626465,0.000000,498.817871
254,-380.534027,0.000000,522.855469
255,-395.455261,0.000000,536.718262
256,-424.641815,0.000000,431.006836
257,-351.839417,0.000000,413.319824
258,-328.449768,0.000000,405.603027
259,-307.611633,0.000000,399.730469
260,-355.832642,0.000000,369.068359
261,-474.988403,0.000000,402.325195
262,-440.092926,0.000000,371.595215
263,-434.040039,0.000000,382.316406
264,-431.370544,0.000000,397.135254
265,-428.813019,0.000000,413.251465
266,-462.366760,0.000000,434.899414
267,-435.591766,0.000000,456.683594
268,-259.894531,0.000000,632.937988
269,141.524536,0.000000,191.175293
270,140.610718,0.000000,189.331543
271,135.017761,0.000000,230.919434
272,135.551697,0.000000,230.509766
273,123.907837,0.000000,229.212402
274,128.263062,0.000000,230.987793
275,129.288818,0.000000,218.832520
276,99.228455,0.000000,244.509277
277,97.476746,0.000000,246.353027
278,149.205078,0.000000,208.315918
279,153.732300,0.000000,211.320801
280,-99.130554,0.000000,58.967285
281,-130.634644,0.000000,69.005859
282,-140.322876,0.000000,69.757324
283,-137.439392,0.000000,73.376465
284,0.640869,0.000000,145.763184
285,-17.907715,0.000000,183.731934
286,15.768005,0.000000,159.762207
287,22.324768,0.000000,154.777344
288,3.982239,0.000000,125.344727
289,-17.579773,0.000000,20.725586
290,-18.707520,0.000000,27.895996
291,-464.796295,0.000000,452.107910
292,-461.336945,0.000000,459.278320
293,-452.856537,0.000000,484.477051
294,-441.468658,0.000000,516.777832
295,-430.480713,0.000000,536.103516
296,-408.608795,0.000000,549.897949
297,-290.836792,0.000000,675.754883
298,38.569763,0.000000,145.216797
299,52.757141,0.000000,135.724609
300,69.250061,0.000000,159.762207
301,29.177490,0.000000,124.115234
302,19.321350,0.000000,101.716309
303,-143.848206,0.000000,132.651367
304,-165.946045,0.000000,164.883789
305,-62.581360,0.000000,137.636719
306,-104.471558,0.000000,130.602539
307,-352.071350,0.000000,323.792969
308,-332.592957,0.000000,345.303711
309,-352.571228,0.000000,335.538574
310,-96.095093,0.000000,287.189941
311,-97.206909,0.000000,286.916504
312,-130.204712,0.000000,247.445312
313,-129.426880,0.000000,251.201660
314,-126.505432,0.000000,258.576660
315,-120.206604,0.000000,268.000488
316,-100.280334,0.000000,288.145996
317,-101.102173,0.000000,290.399414
318,-94.203430,0.000000,291.970215
319,-93.909485,0.000000,290.877441
320,-54.396912,0.000000,344.757324
321,-54.038940,0.000000,340.045410
322,-127.657227,0.000000,237.475098
323,-132.200378,0.000000,237.065430
324,-132.704285,0.000000,237.816895
325,-132.416321,0.000000,240.616699
326,-131.712463,0.000000,241.299316
327,-127.323303,0.000000,239.592285
328,94.811279,0.000000,647.278320
329,95.869080,0.000000,647.687988
330,99.268433,0.000000,646.253906
331,99.870300,0.000000,645.229980
332,99.548401,0.000000,642.088379
333,98.044678,0.000000,640.791016
334,94.435364,0.000000,640.859375
335,92.869629,0.000000,642.703125
336,15.388123,0.000000,405.603027
337,14.590271,0.000000,407.310547
338,-5.703979,0.000000,384.433594
339,-2.244629,0.000000,388.804199
340,-1.436768,0.000000,386.755371
341,130.652588,0.000000,118.788574
342,160.431030,0.000000,96.253418
343,149.349121,0.000000,88.810059
344,171.017090,0.000000,66.547363
345,178.285645,0.000000,77.063965
346,-115.781433,0.000000,307.812988
347,-133.344177,0.000000,325.021973
348,-70.933777,0.000000,264.654297
349,-77.246643,0.000000,310.886230
350,-93.193665,0.000000,325.568359
351,-95.393250,0.000000,327.548828
352,-104.089600,0.000000,335.606934
353,-114.483704,0.000000,344.552734
354,-131.360535,0.000000,360.805664
355,-141.278687,0.000000,350.630371
356,-176.406128,0.000000,382.316406
357,-168.957520,0.000000,391.125977
358,-13.096619,0.000000,378.902344
359,-18.939514,0.000000,374.395020
360,-37.170105,0.000000,360.874023
361,-100.974182,0.000000,291.355469
362,-37.002136,0.000000,393.038086
363,-164.044434,0.000000,356.435059
364,-175.794250,0.000000,343.596680
365,-179.277588,0.000000,339.567383
366,-206.770447,0.000000,310.408203
367,-220.183960,0.000000,311.910645
368,-146.793640,0.000000,376.034180
369,-80.388062,0.000000,409.358887
370,-77.022644,0.000000,412.500488
371,-65.258850,0.000000,398.022949
372,-234.351318,0.000000,343.596680
373,-255.177429,0.000000,301.188965
374,-262.146118,0.000000,282.000000
375,-335.286499,0.000000,315.802734
376,-287.891296,0.000000,125.344727
377,-279.020996,0.000000,132.651367
378,-284.529968,0.000000,234.880371
379,-327.629883,0.000000,185.575684
380,-326.416138,0.000000,204.969727
381,-341.245361,0.000000,279.541504
382,-237.806641,0.000000,180.658691
383,-233.629456,0.000000,166.249512
384,66.432556,0.000000,275.717285
385,70.659790,0.000000,270.458984
386,77.378540,0.000000,275.717285
387,162.670654,0.000000,130.602539
388,177.921753,0.000000,116.193848
389,181.964966,0.000000,104.857910
390,188.115845,0.000000,92.633789
391,151.548706,0.000000,137.978027
392,123.667908,0.000000,132.241699
393,127.299194,0.000000,130.261230
394,152.458496,0.000000,115.442383
395,162.350708,0.000000,109.842773
396,65.408752,0.000000,126.915039
397,70.567810,0.000000,123.500488
398,93.873474,0.000000,128.280762
399,81.815674,0.000000,152.523438
400,117.658997,0.000000,106.906250
401,216.060669,0.000000,56.304199
402,220.843750,0.000000,52.548340
403,42.043091,0.000000,117.696289
404,31.251160,0.000000,181.614746
405,24.128479,0.000000,170.347168
406,51.233398,0.000000,167.683594
407,46.318298,0.000000,158.874512
408,-73.173401,0.000000,83.346680
409,-71.673645,0.000000,85.873535
410,-69.346069,0.000000,87.375977
411,-51.385437,0.000000,84.849121
412,-41.915222,0.000000,83.278320
413,-27.671875,0.000000,80.683594
414,-23.998535,0.000000,80.546875
415,-16.869873,0.000000,81.502930
416,-3.158447,0.000000,89.970703
417,0.634827,0.000000,92.770508
418,8.121460,0.000000,97.550781
419,-48.468018,0.000000,35.680664
420,-55.920593,0.000000,38.685547
421,107.828857,0.000000,157.099121
422,102.149902,0.000000,157.508789
423,189.465576,0.000000,152.318848
424,152.908447,0.000000,194.384766
425,103.141724,0.000000,265.883789
426,88.262512,0.000000,292.926270
427,83.419373,0.000000,307.062012
428,78.220398,0.000000,322.290527
429,70.459839,0.000000,350.630371
430,66.534546,0.000000,364.834473
431,93.097595,0.000000,331.714355
432,87.176697,0.000000,327.890137
433,84.267212,0.000000,357.937500
434,86.016907,0.000000,351.654785
435,95.761108,0.000000,333.967773
436,72.369446,0.000000,409.632324
437,74.031128,0.000000,385.936035
438,82.883484,0.000000,358.551758
439,116.119324,0.000000,474.984863
440,111.996094,0.000000,486.867188
441,102.631836,0.000000,494.105957
442,82.921509,0.000000,492.193848
443,81.091858,0.000000,479.970215
444,66.232605,0.000000,489.188965
445,97.702759,0.000000,481.813965
446,171.860840,0.000000,525.450684
447,160.003052,0.000000,522.309570
448,144.042114,0.000000,516.504883
449,147.863403,0.000000,484.135742
450,119.282715,0.000000,465.151367
451,101.528015,0.000000,469.863281
452,109.816467,0.000000,520.602051
453,116.479248,0.000000,510.768555
454,135.663635,0.000000,513.636719
455,119.552673,0.000000,538.152344
456,125.351562,0.000000,569.497070
457,141.772522,0.000000,550.717773
458,156.523804,0.000000,540.405762
459,110.450378,0.000000,494.993652
460,106.337097,0.000000,593.944824
461,110.802307,0.000000,595.447266
462,114.735535,0.000000,600.022461
463,110.696289,0.000000,609.173340
464,4.294189,0.000000,384.296875
465,1.936584,0.000000,384.570312
466,-3.100464,0.000000,391.604004
467,-3.314392,0.000000,392.969727
468,7.139648,0.000000,393.516113
469,6.895691,0.000000,389.350586
470,-3.110474,0.000000,394.198730
471,-1.168823,0.000000,397.818359
472,1.784607,0.000000,395.564453
473,5.915833,0.000000,395.837891
474,-248.702637,0.000000,402.939941
475,-250.344299,0.000000,401.847168
476,-225.852905,0.000000,420.285156
477,-235.445129,0.000000,424.724121
478,-230.050110,0.000000,422.402344
479,19.017395,0.000000,404.442383
480,18.001587,0.000000,404.442383
481,-0.622925,0.000000,385.799316
482,-4.298218,0.000000,385.116211
483,23.610535,0.000000,400.413086
484,32.031006,0.000000,391.876953
485,34.714478,0.000000,386.140625
486,39.933533,0.000000,369.751465
487,21.224976,0.000000,406.559082
488,117.125122,0.000000,201.213867
489,120.368530,0.000000,196.706543
490,130.086670,0.000000,177.790527
491,125.225586,0.000000,205.242676
492,120.000549,0.000000,211.184082
493,-98.354675,0.000000,287.053223
494,-103.973633,0.000000,282.819336
495,-109.414612,0.000000,277.288086
496,-126.563416,0.000000,255.298828
497,-128.035156,0.000000,250.518555
498,-129.378906,0.000000,241.777344
499,-128.003174,0.000000,240.889648
500,-93.973511,0.000000,289.784668
501,-97.818787,0.000000,294.086914
502,-96.772949,0.000000,293.950195
503,-98.918579,0.000000,293.882324
504,89.204346,0.000000,191.790039
505,91.883789,0.000000,184.892578
506,94.109375,0.000000,179.224609
507,-0.612915,0.000000,192.268066
508,13.542419,0.000000,193.087402
509,5.835876,0.000000,190.765625
510,-0.213013,0.000000,635.874023
511,-17.373779,0.000000,627.679688
512,-54.320923,0.000000,335.128906
513,-56.236572,0.000000,329.051270
514,-43.742859,0.000000,330.621582
515,-46.456360,0.000000,335.401855
516,-48.703918,0.000000,339.567383
517,-53.375061,0.000000,347.898926
518,-53.549072,0.000000,347.557617
519,-102.995789,0.000000,509.334473
520,-148.079407,0.000000,476.692383
521,-184.712585,0.000000,448.147461
522,-204.808838,0.000000,435.513672
523,164.238281,0.000000,638.742188
524,198.463989,0.000000,557.136719
525,186.506104,0.000000,600.568848
526,178.065796,0.000000,592.237305
527,202.469238,0.000000,531.528320
528,185.998291,0.000000,551.264160
529,184.412598,0.000000,543.888672
530,219.531982,0.000000,526.475098
531,177.793823,0.000000,534.259766
532,-314.850281,0.000000,328.095215
533,-343.496948,0.000000,319.763672
534,-131.182556,0.000000,188.170410
535,-131.320557,0.000000,188.170410
536,-6.783752,0.000000,57.601562
537,6.497742,0.000000,85.190430
538,12.032715,0.000000,100.213867
539,9.985107,0.000000,85.531738
540,-26.016174,0.000000,581.516113
541,-20.569214,0.000000,551.059082
542,95.189209,0.000000,530.777344
543,7.893494,0.000000,383.545898
544,-716.141418,0.000000,-817.523682
545,-701.556152,0.000000,-767.672607
546,-689.856323,0.000000,-761.253418
547,-593.028381,0.000000,-779.145264
548,-560.968384,0.000000,-755.585449
549,-447.131592,0.000000,-677.121338
550,-415.523499,0.000000,-636.694092
551,-392.925720,0.000000,-587.252686
552,-397.508850,0.000000,-568.200195
553,-399.302521,0.000000,-533.440918
554,-397.008972,0.000000,-519.510010
555,-400.594299,0.000000,-504.213135
556,-397.758820,0.000000,-470.956299
557,-380.004120,0.000000,-469.044189
558,-321.615051,0.000000,-483.794678
559,-298.859253,0.000000,-488.916504
560,-291.606628,0.000000,-481.677734
561,-290.146912,0.000000,-464.810303
562,-276.185486,0.000000,-434.899658
563,-262.807983,0.000000,-415.915283
564,-261.390259,0.000000,-409.974121
565,-274.309875,0.000000,-412.773926
566,-284.022034,0.000000,-418.237061
567,-280.144775,0.000000,-398.774658
568,-247.052917,0.000000,-336.495117
569,-242.843750,0.000000,-314.847412
570,-236.716858,0.000000,-278.244385
571,-175.472290,0.000000,179.907715
572,14.616211,0.000000,408.402832
573,-60.319763,0.000000,540.542480
574,110.038452,0.000000,636.352051
575,216.224609,0.000000,701.295410
576,200.605591,0.000000,701.909668
577,-302.756531,0.000000,409.632324
578,-458.957397,0.000000,456.000488
579,140.632751,0.000000,233.309570
580,120.258545,0.000000,225.934570
581,-59.127991,0.000000,40.051270
582,-154.214233,0.000000,46.880371
583,-130.608643,0.000000,236.109375
584,115.365417,0.000000,118.037598
585,-79.100281,0.000000,272.712402
586,-252.453918,0.000000,178.405273
587,42.099121,0.000000,312.934570
588,87.600647,0.000000,260.215820
589,98.910522,0.000000,128.076172
590,-74.685120,0.000000,65.045410
591,-70.563843,0.000000,71.123047
592,-32.704956,0.000000,5.497070
593,103.109741,0.000000,354.727539
594,116.309265,0.000000,597.154297
595,-1.570740,0.000000,401.027832
596,139.744873,0.000000,192.746094
597,-10.453064,0.000000,626.450195
598,-4.794128,0.000000,622.011719
599,4.176208,0.000000,625.903809
600,-53.443054,0.000000,348.991699
601,252.445801,0.000000,523.675293
602,-0.858887,0.000000,20.657227
603,5.493958,0.000000,435.923340
604,-12.592712,0.000000,436.128418
605,-3.572388,0.000000,421.309570
606,1.672668,0.000000,408.402832
607,97.648743,0.000000,650.624512
608,101.883972,0.000000,660.048340
609,27.105896,0.000000,424.519043
610,58.290100,0.000000,278.858398
611,47.838013,0.000000,344.484375
612,-74.631104,0.000000,284.663086
613,48.331970,0.000000,169.732422
614,-138.731140,0.000000,22.706055
615,-91.182007,0.000000,3.312012
616,-69.916016,0.000000,-17.106445
617,-70.953796,0.000000,-43.329590
618,-27.036011,0.000000,-112.916260
619,-13.548523,0.000000,-122.886475
620,-21.890930,0.000000,-150.065674
621,-5.939941,0.000000,-229.212646
622,6.723694,0.000000,-243.758301
623,10.614990,0.000000,-256.050293
624,18.481506,0.000000,-279.268799
625,14.376282,0.000000,-333.763428
626,16.277954,0.000000,-350.357666
627,41.911133,0.000000,-360.123047
628,66.376587,0.000000,-379.243896
629,96.462952,0.000000,-412.295898
630,135.063782,0.000000,-452.518311
631,162.166748,0.000000,-460.781250
632,210.665649,0.000000,-509.129883
633,226.270752,0.000000,-525.860840
634,270.058594,0.000000,-539.860107
635,287.955200,0.000000,-529.207031
636,308.659424,0.000000,-529.411865
637,363.561157,0.000000,-567.585449
638,419.880615,0.000000,-572.297363
639,539.748291,0.000000,-577.760498
640,567.757080,0.000000,-603.983643
641,591.230591,0.000000,-616.685303
642,633.158813,0.000000,-619.075439
643,-452.992523,0.000000,359.712891
644,-114.463684,0.000000,49.065430
645,-79.930115,0.000000,28.168945
646,-36.744202,0.000000,4.882324
647,-226.962708,0.000000,150.201660
648,-209.194031,0.000000,166.249512
649,-225.760925,0.000000,204.764648
650,-122.816101,0.000000,84.097656
651,-101.344116,0.000000,73.376465
652,-80.785950,0.000000,64.908691
653,-7.279663,0.000000,250.996582
654,-5.909912,0.000000,257.757324
655,-28.297729,0.000000,501.344727
656,-452.290649,0.000000,339.089355
657,-447.399567,0.000000,319.285645
658,-456.217896,0.000000,313.480957
659,-432.754303,0.000000,332.192383
660,-438.505219,0.000000,321.675781
661,-415.993408,0.000000,286.302246
662,-363.141296,0.000000,259.464355
663,-351.995361,0.000000,242.938477
664,167.985596,0.000000,215.076660
665,161.864746,0.000000,224.227051
666,158.325439,0.000000,233.104980
667,154.040161,0.000000,247.377441
668,157.335571,0.000000,254.137695
669,164.420288,0.000000,261.786133
670,163.674438,0.000000,266.361816
671,149.141113,0.000000,275.717285
672,137.641296,0.000000,287.940918
673,144.368042,0.000000,299.345215
674,152.366577,0.000000,293.130859
675,157.911499,0.000000,280.702148
676,159.347290,0.000000,290.536133
677,88.722412,0.000000,647.142090
678,27.781799,0.000000,208.452637
679,69.434021,0.000000,322.904785
680,116.401245,0.000000,490.691406
681,151.302734,0.000000,614.363281
682,153.662231,0.000000,626.108887
683,167.393677,0.000000,631.913574
684,105.769226,0.000000,543.479004
685,-404.073639,0.000000,527.021484
686,-273.118103,0.000000,292.584473
687,-220.611877,0.000000,347.352539
688,-229.058289,0.000000,381.292480
689,-236.424927,0.000000,389.555176
690,149.986938,0.000000,630.479492
691,186.292236,0.000000,33.905273
692,173.754517,0.000000,28.442383
693,174.664429,0.000000,34.178711
694,164.900146,0.000000,49.202148
695,156.169800,0.000000,54.392090
696,151.412720,0.000000,63.337891
697,145.205872,0.000000,74.673828
698,123.523926,0.000000,82.117676
699,95.967041,0.000000,71.259277
700,83.017456,0.000000,63.747559
701,83.223450,0.000000,71.532715
702,-152.604553,0.000000,179.020020
703,-469.095520,0.000000,408.539551
704,-458.161560,0.000000,418.441406
705,-463.632538,0.000000,431.962891
706,87.382629,0.000000,649.122070
707,85.934937,0.000000,652.332031
708,59.485840,0.000000,660.321777
709,101.062134,0.000000,732.229980
710,99.450378,0.000000,647.278320
711,103.013733,0.000000,635.669434
712,109.132629,0.000000,620.167480
713,104.139526,0.000000,641.063965
714,109.072632,0.000000,637.786133
715,-28.899658,0.000000,584.384277
716,-16.539978,0.000000,449.376465
717,-86.760864,0.000000,521.011719
718,-359.659912,0.000000,310.817871
719,-359.283997,0.000000,332.329102
720,-354.058960,0.000000,338.406738
721,-362.235474,0.000000,316.622559
722,100.974121,0.000000,640.107910
723,-62.109436,0.000000,323.587891
724,-38.307861,0.000000,332.533691
725,151.326782,0.000000,222.110352
726,141.490540,0.000000,219.788574
727,101.564026,0.000000,632.049805
728,99.098450,0.000000,636.010742
729,95.159180,0.000000,634.303711
730,-263.455872,0.000000,392.423340
731,-288.887146,0.000000,374.736328
732,-315.160217,0.000000,355.137695
733,-291.378662,0.000000,378.492188
734,-381.519836,0.000000,355.820312
735,-195.030640,0.000000,597.427246
736,-213.849121,0.000000,607.465820
737,-220.185974,0.000000,634.986328
738,131.110474,0.000000,230.168457
739,138.569092,0.000000,243.211426
740,88.810364,0.000000,258.576660
741,99.036499,0.000000,247.104004
742,4.356140,0.000000,107.248047
743,9.351196,0.000000,136.816895
744,16.097961,0.000000,143.031250
745,-24.628418,0.000000,41.075684
746,-24.896362,0.000000,46.470703
747,-23.232727,0.000000,52.889648
748,-25.594238,0.000000,62.586914
749,-17.495789,0.000000,40.051270
750,-57.076416,0.000000,33.358887
751,-53.161133,0.000000,31.173828
752,-304.580200,0.000000,620.918945
753,-270.742493,0.000000,630.342773
754,65.668701,0.000000,209.408691
755,96.051025,0.000000,124.456543
756,-60.703735,0.000000,162.698730
757,-94.069458,0.000000,164.679199
758,-124.173889,0.000000,168.161621
759,-355.048767,0.000000,332.055664
760,-95.123291,0.000000,287.804199
761,-104.997437,0.000000,283.707031
762,-92.763733,0.000000,293.950195
763,-51.577393,0.000000,340.865234
764,716.141357,0.000000,-133.266602
765,694.913330,0.000000,-130.739746
766,615.278198,0.000000,-106.019043
767,585.413696,0.000000,-87.581055
768,540.104126,0.000000,-55.689941
769,514.017090,0.000000,-44.217285
770,462.184692,0.000000,-22.228516
771,442.962280,0.000000,-24.550293
772,425.111694,0.000000,-25.096680
773,409.494507,0.000000,-5.565918
774,395.763062,0.000000,11.574707
775,366.758545,0.000000,27.622559
776,280.428589,0.000000,47.973145
777,259.490601,0.000000,62.586914
778,208.344116,0.000000,112.916016
779,194.098755,0.000000,141.255859
780,93.185547,0.000000,645.912598
781,13.490417,0.000000,404.237305
782,-476.702087,0.000000,402.256836
783,-480.159454,0.000000,403.145020
784,-192.151184,0.000000,385.321289
785,-221.969604,0.000000,414.822266
786,-52.917175,0.000000,239.933594
787,-94.279419,0.000000,295.248047
788,-79.716187,0.000000,309.588867
789,-111.314270,0.000000,302.486328
790,-52.429260,0.000000,236.109375
791,-54.104919,0.000000,203.125977
792,-53.968994,0.000000,199.506348
793,-227.926514,0.000000,274.965820
794,-84.901184,0.000000,414.822266
795,-263.531860,0.000000,210.432617
796,-265.117554,0.000000,188.853516
797,-281.348511,0.000000,184.892578
798,-299.389160,0.000000,198.345703
799,-321.357056,0.000000,184.960938
800,-330.809326,0.000000,174.581055
801,-325.982239,0.000000,165.566895
802,-318.581604,0.000000,162.903320
803,-308.573486,0.000000,165.157227
804,-296.451721,0.000000,163.859375
805,-288.653198,0.000000,152.523438
806,-300.484985,0.000000,229.758789
807,-291.468628,0.000000,229.895020
808,-312.364746,0.000000,238.294922
809,-315.528137,0.000000,255.435547
810,-342.399170,0.000000,274.214844
811,-321.589050,0.000000,232.080566
812,-240.226196,0.000000,154.299316
813,-232.873596,0.000000,144.602051
814,-219.678040,0.000000,141.665527
815,-219.034180,0.000000,113.666992
816,-231.429871,0.000000,114.691406
817,-234.267334,0.000000,126.300781
818,-247.460876,0.000000,134.768555
819,-251.538086,0.000000,126.437012
820,-270.846497,0.000000,117.354492
821,-278.569031,0.000000,126.778809
822,-199.725769,0.000000,171.644531
823,253.535645,0.000000,30.900391
824,144.661987,0.000000,495.676758
825,109.576538,0.000000,504.212891
826,105.393311,0.000000,585.681641
827,97.240845,0.000000,563.897461
828,102.495850,0.000000,554.336914
829,-348.246033,0.000000,340.591797
830,-339.233765,0.000000,343.391602
831,-3.958313,0.000000,389.964844
832,-1.330811,0.000000,396.042480
833,1.056763,0.000000,395.906250
834,-226.728760,0.000000,420.626953
835,-247.180908,0.000000,402.939941
836,147.977295,0.000000,148.562988
837,-128.329102,0.000000,242.119141
838,-90.674133,0.000000,284.936035
839,-100.514282,0.000000,295.384277
840,-14.080383,0.000000,627.679688
841,-54.470886,0.000000,346.806152
842,-55.730652,0.000000,347.147461
843,-56.306519,0.000000,347.898926
844,-56.010559,0.000000,349.469727
845,-54.926758,0.000000,349.947754
846,-53.710999,0.000000,349.469727
847,243.873413,0.000000,631.913574
848,183.852661,0.000000,633.483887
849,175.684204,0.000000,576.804199
850,162.488647,0.000000,611.631348
851,172.250854,0.000000,597.291016
852,179.651489,0.000000,518.143555
853,193.060913,0.000000,521.763184
854,-331.391174,0.000000,324.680664
855,3.182373,0.000000,72.079102
856,-2.730530,0.000000,48.929199
857,22.324768,0.000000,149.041016
858,-13.864441,0.000000,193.497070
859,-45.772522,0.000000,196.228516
860,-482.319031,0.000000,410.178711
861,-486.196320,0.000000,392.560059
862,10.878906,0.000000,418.714844
863,148.371338,0.000000,196.365234
864,98.992493,0.000000,732.366699
865,-124.307861,0.000000,817.523438
866,17.687683,0.000000,291.628418
867,59.591858,0.000000,274.692871
868,30.913208,0.000000,223.817383
869,10.960938,0.000000,239.319336
870,48.513916,0.000000,228.734375
871,8.009460,0.000000,227.778320
872,-501.495453,0.000000,359.234863
873,129.096863,0.000000,217.466797
874,-31.975098,0.000000,257.757324
875,-63.905090,0.000000,278.585449
876,-110.552429,0.000000,495.676758
877,650.709595,0.000000,-619.553467
878,-137.175415,0.000000,239.455566
879,-47.282227,0.000000,196.365234
880,-460.327148,0.000000,311.568848
881,-365.506836,0.000000,223.612793
882,158.317383,0.000000,295.862305
883,104.571472,0.000000,222.451660
884,-14.142395,0.000000,190.150879
885,24.198425,0.000000,214.871582
886,86.854736,0.000000,84.507812
887,93.925415,0.000000,217.398438
888,-89.234375,0.000000,94.478027
889,-83.389465,0.000000,102.945801
890,49.861633,0.000000,344.962402
891,42.591003,0.000000,391.398926
892,-8.723389,0.000000,300.779297
893,-345.448608,0.000000,506.056641
894,-269.248779,0.000000,342.572266
895,-311.626892,0.000000,317.646973
896,-273.973938,0.000000,238.636230
897,-212.283447,0.000000,220.744629
898,-202.259277,0.000000,376.102051
899,-485.024536,0.000000,411.749023
900,-475.156372,0.000000,453.405762
901,-148.883240,0.000000,178.200195
902,-218.896179,0.000000,271.687988
903,-332.445007,0.000000,416.597656
904,-316.581970,0.000000,711.811523
905,-56.416504,0.000000,218.012695
906,-62.233398,0.000000,236.314453
907,52.831116,0.000000,660.594727
908,89.470276,0.000000,600.022461
909,-91.263977,0.000000,517.870605
910,-127.347290,0.000000,485.091797
911,-121.288391,0.000000,537.811035
912,-100.936218,0.000000,646.527344
913,-127.211304,0.000000,529.411621
914,141.162598,0.000000,218.490723
915,-321.505066,0.000000,351.176758
916,-231.801758,0.000000,626.450195
917,84.529175,0.000000,260.898438
918,148.591187,0.000000,251.679688
919,156.695679,0.000000,212.891113
920,104.607422,0.000000,122.339844
921,19.515320,0.000000,143.099609
922,-30.259399,0.000000,64.840332
923,76.988586,0.000000,209.954590
924,-102.347961,0.000000,113.598633
925,-94.505432,0.000000,286.165527
926,-470.977142,0.000000,458.800293
927,-494.002869,0.000000,409.085938
928,-52.505249,0.000000,350.015625
929,-320.301270,0.000000,236.792480
930,-200.321655,0.000000,178.063965
931,32.376892,0.000000,287.940918
932,259.328613,0.000000,27.895996
933,96.488953,0.000000,303.374512
934,50.255615,0.000000,350.152344
935,103.285706,0.000000,306.856934
936,108.288757,0.000000,552.902832
937,-488.977783,0.000000,393.242676
938,-490.489502,0.000000,374.395020
939,-493.260986,0.000000,374.941406
940,-495.244629,0.000000,356.571777
941,210.437744,0.000000,503.256836
942,3.390320,0.000000,24.822754

0,1
2,3
4,3
5,6
7,8,-14.573242,0.000000,286.210938,-15.851501,0.000000,290.082031
9,10,-29.252380,0.000000,308.482422,-31.930298,0.000000,311.650879
11,12
12,13
14,13
15,16
17,18
19,20
3,20
1,21
22,23
24,25,-183.471375,0.000000,246.428223,-187.679443,0.000000,247.165527
24,26
27,28,-135.199036,0.000000,188.348145,-135.456543,0.000000,188.402832
29,30
31,32,-20.326843,0.000000,514.579102,-19.883728,0.000000,511.464844
33,34,25.026855,0.000000,190.321289,26.523438,0.000000,189.365234
35,36
37,38,-53.791016,0.000000,184.291504,-56.830444,0.000000,184.674316
39,40
41,40
20,42
43,44
45,46
47,48
49,50,135.395752,0.000000,148.201172,133.172119,0.000000,149.539551
34,51
52,53
53,54
55,47
47,56
57,58,113.998718,0.000000,87.116211,106.548096,0.000000,86.406250
59,60
61,62
37,63
64,65
66,67,-41.027161,0.000000,161.510254,-51.179688,0.000000,162.111328
68,67
69,70
71,68
72,68,-45.582764,0.000000,98.069824,-54.322693,0.000000,100.310059
62,55
28,29
73,74,-179.455750,0.000000,219.446777,-179.445374,0.000000,222.998047
75,76
76,77
26,77
70,71
78,79
80,81
82,83
84,85
86,87
88,89
90,88
91,92
87,92
93,94
95,96,92.282349,0.000000,373.862305,93.562866,0.000000,371.786621
97,96
98,99
94,100,98.768494,0.000000,451.670898,100.488220,0.000000,446.262695
100,101
102,101
103,104
81,104
105,84
92,106
107,108
109,110
111,112
112,82
82,113
114,115,89.036377,0.000000,407.030762,89.060364,0.000000,406.565918
115,102
112,80
116,117
118,119
120,119
121,122
123,122
8,11
124,14
10,124
13,15
25,125
126,127,-279.641663,0.000000,232.032715,-281.239746,0.000000,232.879395
21,128
129,130
131,132
133,132
134,135
136,137
137,131
132,138
139,140
135,140
138,141
141,142
132,142
143,0
144,145
146,145
147,146
148,149
150,151,-270.831482,0.000000,381.654297,-281.393555,0.000000,374.579590
152,153,-286.400024,0.000000,351.395020,-290.282471,0.000000,348.226562
125,154
155,156,-256.019470,0.000000,242.180176,-256.704956,0.000000,238.984375
157,158
46,159
160,161
162,148
163,162
77,164
165,166,40.660767,0.000000,320.357910,42.371704,0.000000,317.599121
167,168,57.202515,0.000000,314.321289,56.488220,0.000000,315.713867
169,160
170,171
172,171
77,173
174,170
175,176
177,163
178,43
179,172
164,172
172,174
173,174
180,181
182,183
184,185
186,86,132.788208,0.000000,612.396484,132.212280,0.000000,609.773926
187,52
188,189
190,191
192,193,-164.992859,0.000000,184.530762,-162.746033,0.000000,183.684082
76,22
194,195
196,133
197,133
133,198
195,196
199,200
130,201
202,203
203,204
130,204
204,205
200,205
206,207
208,206
206,41
209,41
210,211
183,209
27,64
29,212
213,214,16.891174,0.000000,411.080078,17.314331,0.000000,411.188965
215,216,20.605896,0.000000,410.041992,20.852295,0.000000,409.769043
217,218
87,219
220,221,-36.282837,0.000000,586.494629,-36.139648,0.000000,587.941895
221,222
223,224,-47.725525,0.000000,508.801758,-46.325012,0.000000,506.179688
225,226,-21.801758,0.000000,448.864258,-20.056519,0.000000,447.908203
227,228
228,229
230,229
231,232,-357.067200,0.000000,329.733887,-357.713501,0.000000,328.095215
233,234,105.097961,0.000000,638.114258,104.802795,0.000000,638.277832
235,236,18.184570,0.000000,177.080566,18.700500,0.000000,175.769043
237,238
239,240
5,241
18,19
242,243
244,245
246,247
248,249
250,136
251,136
136,252
252,253
138,253
254,255
256,199
196,199
199,197
204,197
197,257
257,258
258,259
260,129,-361.549561,0.000000,368.515137,-369.172150,0.000000,367.777832
261,262
262,263
263,264
264,265
265,256
266,256,-458.829834,0.000000,435.227051,-454.113892,0.000000,435.664062
256,194
267,194
194,134
142,134
134,139
141,139
253,254
268,242
269,270
271,272,135.177917,0.000000,230.796387,135.391541,0.000000,230.632812
273,274
275,273,129.140625,0.000000,219.774902,128.943115,0.000000,221.031250
276,277,98.702942,0.000000,245.062500,98.002258,0.000000,245.799805
278,279
280,281,-108.581787,0.000000,61.979004,-121.183411,0.000000,65.994141
282,283,-139.457825,0.000000,70.843262,-138.304443,0.000000,72.290527
284,69
63,285
286,287
284,288
289,290
291,292
292,293
293,294
295,296
297,268
298,299,39.118652,0.000000,144.889160,39.850525,0.000000,144.451660
300,299
301,302
303,304
305,306
232,307
308,309
310,311
312,313
173,313
314,315
174,315
316,317,-100.454895,0.000000,288.494141,-100.687683,0.000000,288.958496
318,319,-94.115234,0.000000,291.642578,-93.997681,0.000000,291.205078
320,321
322,208
323,324,-132.351562,0.000000,237.291016,-132.553101,0.000000,237.591309
325,326,-132.205139,0.000000,240.821289,-131.923645,0.000000,241.094727
327,210,-127.306519,0.000000,239.346680,-127.284058,0.000000,239.018555
328,329
330,331,99.448975,0.000000,645.946777,99.689758,0.000000,645.537109
332,333,99.352844,0.000000,641.842773,99.092041,0.000000,641.514648
334,335,94.151611,0.000000,641.063965,93.773254,0.000000,641.337402
336,337,15.229736,0.000000,405.849121,15.018555,0.000000,406.176758
338,339
340,339
341,342,133.899780,0.000000,116.678711,138.229370,0.000000,113.865234
343,342
344,345
170,346
346,347
348,182,-70.557678,0.000000,264.285645,-70.056152,0.000000,263.793945
349,350
350,351
351,352
353,354
355,354
356,357
358,359
359,360
317,361
352,353
44,143
240,362
0,2
159,2
17,239
347,363
363,364
364,365
365,179
179,366
366,75
367,75,-219.233154,0.000000,308.345703,-217.965332,0.000000,303.592773
1,368
354,368
17,4
2,369
369,370
240,371
149,372
372,147
147,373,-249.564880,0.000000,315.816895,-249.760071,0.000000,315.379395
373,374
375,374
376,377,-287.479797,0.000000,125.631348,-286.931091,0.000000,126.014160
127,378
379,380,-328.079834,0.000000,188.853516,-328.679688,0.000000,193.224121
378,381
382,383,-236.553467,0.000000,176.335938,-234.882629,0.000000,170.572266
266,291,-463.648712,0.000000,438.259277,-465.358002,0.000000,442.738770
384,385
386,78,77.233948,0.000000,276.003906,77.041199,0.000000,276.386719
119,121
387,388
389,390
391,49
391,387
392,393
393,394
394,395
388,389
396,397
299,396
398,399,90.256104,0.000000,135.553711,85.432983,0.000000,145.250488
400,343
54,343
53,344
401,402,217.495605,0.000000,55.177246,219.408813,0.000000,53.675293
299,403
298,301
285,286
404,405
406,407
408,409,-72.723450,0.000000,84.104492,-72.123596,0.000000,85.115234
409,410
411,412
413,414,-26.569885,0.000000,80.642578,-25.100525,0.000000,80.587891
414,415,-23.035706,0.000000,80.505859,-21.752014,0.000000,80.451172
416,417
417,418
419,420,-50.703796,0.000000,36.582031,-53.684814,0.000000,37.784180
421,422
422,61
399,61
423,424
245,278
425,426,102.618652,0.000000,267.932617,101.921143,0.000000,270.664062
427,428
429,430
431,432
426,427
428,429
433,434
434,431
435,431,94.962036,0.000000,333.291992,93.896667,0.000000,332.390625
93,103
101,103
103,436
102,436
437,438,74.707825,0.000000,382.924316,75.610046,0.000000,378.909180
439,440
441,442
443,442
247,444
440,445
104,443
446,447
447,107
107,448
449,439,141.902344,0.000000,483.213867,133.954224,0.000000,481.984375
450,439
439,451
117,451
452,453
448,454
109,91
455,456
108,457
447,458
459,441
460,461,107.676636,0.000000,594.395508,109.462769,0.000000,594.996582
462,463,113.523743,0.000000,602.767578,111.908081,0.000000,606.428223
464,465,3.586914,0.000000,384.378906,2.643860,0.000000,384.488281
466,467,-3.164673,0.000000,392.013672,-3.250244,0.000000,392.560059
468,469
467,470
471,472,-0.487488,0.000000,396.715820,0.771484,0.000000,396.262207
339,473
474,475
476,248
477,478
249,177
249,474
479,480,18.712646,0.000000,404.442383,18.306335,0.000000,404.442383
480,468,17.471313,0.000000,403.705078,16.764221,0.000000,402.721680
468,340
481,340,-0.867065,0.000000,386.085938,-1.192627,0.000000,386.468750
340,482
483,484
484,485
485,486
216,487,21.415344,0.000000,408.232422,21.442566,0.000000,407.822266
488,489
489,490
270,490
60,488
491,492,123.658081,0.000000,207.024902,121.568054,0.000000,209.401855
311,493
494,495,-105.605957,0.000000,281.160156,-107.782349,0.000000,278.947266
495,180
315,180
496,497
498,499
319,500
501,502
503,501,-98.588623,0.000000,293.943848,-98.148743,0.000000,294.025391
59,504
504,505
505,506
507,508
507,509
510,511,-0.899292,0.000000,635.956055,-1.814270,0.000000,636.065430
512,513,-54.412720,0.000000,334.371094,-54.535034,0.000000,333.360352
514,515
515,516
517,518,-53.427246,0.000000,347.796387,-53.496887,0.000000,347.660156
519,520
520,521
521,522
185,523,171.839844,0.000000,631.544922,169.580322,0.000000,634.876953
524,525,198.520386,0.000000,561.049805,198.595459,0.000000,566.267090
106,90,165.423950,0.000000,586.870117,166.482056,0.000000,586.269043
525,184,186.335693,0.000000,600.958008,186.108643,0.000000,601.477051
525,526
527,524,201.186646,0.000000,533.577148,199.476562,0.000000,536.308594
528,529,185.522583,0.000000,549.051758,184.888306,0.000000,546.101562
530,527,214.413208,0.000000,527.991211,207.588013,0.000000,530.012207
529,531
153,532
533,375,-341.033813,0.000000,318.575195,-337.749634,0.000000,316.991211
534,535
536,537,-6.051880,0.000000,60.060059,-5.076111,0.000000,63.337891
538,539
123,7
8,9
540,541,-18.808289,0.000000,573.828613,-20.855774,0.000000,559.789062
541,31
508,33
54,57
70,66,-16.797729,0.000000,139.022949,-19.439575,0.000000,141.508789
212,73
115,95
158,542
542,98,98.553284,0.000000,535.945801,97.518555,0.000000,542.550781
444,105,64.101074,0.000000,484.603516,61.055542,0.000000,480.520020
191,111,63.177002,0.000000,395.143066,59.062866,0.000000,403.519531
100,114
30,126
372,150,-236.894836,0.000000,348.308594,-240.286194,0.000000,354.591309
151,152,-287.568848,0.000000,361.992188,-303.272705,0.000000,357.859375
154,155
442,157,82.357483,0.000000,501.970215,82.556946,0.000000,513.058594
161,165
79,167
543,169,8.217712,0.000000,380.888184,9.427551,0.000000,378.420898
238,186
544,545
545,546,-699.768677,0.000000,-762.805420,-694.055542,0.000000,-762.309082
546,547
547,548,-578.630005,0.000000,-780.416016,-575.233704,0.000000,-750.748047
548,549
549,550,-430.347015,0.000000,-670.833984,-434.043640,0.000000,-638.779785
550,551
551,552,-391.470673,0.000000,-580.565430,-394.458038,0.000000,-573.909912
552,553,-403.862885,0.000000,-557.403320,-398.063995,0.000000,-544.768311
553,554
554,555,-395.588928,0.000000,-513.752930,-400.738892,0.000000,-509.752930
555,556,-400.730377,0.000000,-493.153320,-402.813385,0.000000,-481.086426
556,557,-394.745911,0.000000,-464.270264,-383.876038,0.000000,-469.196045
557,558
558,559,-314.522583,0.000000,-487.111328,-306.673706,0.000000,-488.775391
559,560,-294.748901,0.000000,-489.222656,-292.625183,0.000000,-484.832520
560,561,-289.984558,0.000000,-476.227783,-289.992310,0.000000,-470.438965
561,562
562,563,-272.852722,0.000000,-427.876709,-268.238342,0.000000,-421.465820
563,564
564,565,-264.353516,0.000000,-405.690186,-272.340759,0.000000,-406.340332
565,566
566,567,-292.722168,0.000000,-415.449951,-274.699036,0.000000,-397.469238
567,568
568,569,-242.574341,0.000000,-330.135986,-243.326660,0.000000,-322.114990
569,570,-241.931824,0.000000,-302.470215,-237.434692,0.000000,-290.647705
570,188,-235.792664,0.000000,-266.646240,-240.890991,0.000000,-255.591553
571,192,-174.442871,0.000000,180.952637,-173.070374,0.000000,182.345215
572,213,14.705383,0.000000,409.568359,15.573975,0.000000,410.504883
214,215,18.686218,0.000000,411.534668,19.672119,0.000000,410.899902
99,217,90.734131,0.000000,558.877930,92.317261,0.000000,562.592773
573,220
573,223
309,231,-353.242493,0.000000,334.985352,-354.137573,0.000000,334.248047
574,233,109.443359,0.000000,636.495605,108.649902,0.000000,636.686523
509,235
575,576
576,237,193.703125,0.000000,704.285645,193.510986,0.000000,695.157227
333,246,96.446533,0.000000,639.932129,95.410889,0.000000,638.386719
259,577,-312.853638,0.000000,402.050293,-305.687317,0.000000,410.568848
577,250,-300.360901,0.000000,412.447754,-299.532532,0.000000,416.839844
258,260
578,267,-451.339813,0.000000,457.766602,-443.273499,0.000000,457.315918
579,271
580,276
581,280,-65.138855,0.000000,41.874512,-73.153381,0.000000,44.305664
582,282
294,295,-443.144806,0.000000,526.217773,-435.028229,0.000000,530.097168
326,312,-130.674500,0.000000,243.168457,-130.339294,0.000000,245.338867
313,314,-128.819885,0.000000,253.783203,-127.903015,0.000000,256.310547
493,316
502,318,-95.643555,0.000000,293.807129,-94.641907,0.000000,293.013672
208,583,-128.574036,0.000000,236.063965,-129.714600,0.000000,236.062500
583,323,-130.869019,0.000000,236.211914,-131.216125,0.000000,236.348633
324,325,-133.148865,0.000000,238.717773,-132.940613,0.000000,239.804199
499,327,-127.874817,0.000000,240.705566,-127.703613,0.000000,240.459473
329,330,97.182617,0.000000,648.023438,98.479797,0.000000,647.238770
331,332,100.205811,0.000000,644.194824,100.073425,0.000000,643.035645
333,334,96.979187,0.000000,640.100098,95.456421,0.000000,640.020508
480,336,16.952087,0.000000,404.123047,16.042358,0.000000,404.915527
584,341,120.192505,0.000000,119.826660,125.711365,0.000000,120.798828
585,348
149,367
377,586,-262.585327,0.000000,141.125488,-247.263184,0.000000,155.725586
586,382,-249.955383,0.000000,179.900879,-246.624023,0.000000,181.894531
587,384,32.628357,0.000000,297.592285,64.611511,0.000000,289.378418
588,386
589,398,98.165466,0.000000,127.973633,97.171997,0.000000,127.837402
390,401
590,591,-71.630676,0.000000,64.605469,-70.168579,0.000000,68.829590
591,408
410,411,-63.398010,0.000000,86.209961,-57.138000,0.000000,87.665039
412,413,-41.519897,0.000000,83.196289,-40.992798,0.000000,83.087402
415,416,-11.731384,0.000000,83.173340,-7.385986,0.000000,86.799805
592,419
96,593,100.296387,0.000000,367.193848,102.495483,0.000000,360.698730
593,435
436,437
218,460
594,462
543,464,7.499390,0.000000,383.668945,6.973877,0.000000,383.832520
339,466
595,471
475,477,-256.124451,0.000000,414.650879,-244.197510,0.000000,419.900391
487,479,20.715820,0.000000,405.674805,20.073669,0.000000,404.723145
465,481,1.668457,0.000000,384.631836,1.310913,0.000000,384.713379
596,491
493,494,-99.189148,0.000000,286.541016,-100.301697,0.000000,285.858398
180,496,-122.406921,0.000000,263.825195,-124.808472,0.000000,259.647949
326,498,-131.032654,0.000000,241.771484,-130.173706,0.000000,241.819824
361,503,-100.925232,0.000000,292.610840,-99.769836,0.000000,293.226074
597,598
598,599,-1.455200,0.000000,620.366211,2.454224,0.000000,623.286621
599,510,6.126038,0.000000,629.450684,3.442322,0.000000,634.574707
321,512
600,517,-53.215088,0.000000,348.670410,-53.266052,0.000000,348.249023
89,528,183.163818,0.000000,559.431641,183.791626,0.000000,558.393555
601,530,250.359375,0.000000,525.662598,247.577637,0.000000,528.312012
307,533
602,536
32,603
226,604
604,605,-10.197693,0.000000,430.812500,-5.686096,0.000000,426.800293
605,606
329,607
607,608,99.642761,0.000000,653.473633,100.146606,0.000000,657.069824
214,609,22.755432,0.000000,413.812012,24.159485,0.000000,420.206543
6,610
168,611
16,612
34,613
189,614,-149.467651,0.000000,33.558594,-150.689026,0.000000,20.590820
614,615
615,616,-81.445007,0.000000,0.076660,-74.149658,0.000000,-8.046387
616,617,-65.859924,0.000000,-25.634766,-71.480896,0.000000,-34.580078
617,618
618,619,-20.037048,0.000000,-109.932617,-14.309265,0.000000,-116.862061
619,620,-13.273804,0.000000,-132.634766,-18.151794,0.000000,-141.441162
620,621
621,622,-0.246399,0.000000,-232.803223,0.955505,0.000000,-240.371582
622,623
623,624,15.590637,0.000000,-262.755615,16.308472,0.000000,-271.404541
624,625
625,626,11.946228,0.000000,-339.228516,13.661072,0.000000,-345.380127
626,627,22.842712,0.000000,-357.037842,32.598022,0.000000,-360.573486
627,628
628,629,69.165466,0.000000,-395.234619,82.332947,0.000000,-406.478516
629,630,113.068176,0.000000,-421.765625,118.185974,0.000000,-442.958252
630,631,141.547974,0.000000,-459.818604,151.970459,0.000000,-466.261230
631,632
632,633,213.386108,0.000000,-517.197754,223.097656,0.000000,-518.187500
633,634
634,635,278.618042,0.000000,-539.411865,277.516479,0.000000,-527.226074
635,636,294.541748,0.000000,-527.428223,302.403564,0.000000,-525.573486
636,637
637,638,381.380981,0.000000,-576.006104,401.157959,0.000000,-571.411377
638,639
639,640,552.310303,0.000000,-581.949463,561.383423,0.000000,-592.739258
640,641
641,642,604.929565,0.000000,-621.337402,619.221191,0.000000,-616.433594
228,643
281,644,-140.496887,0.000000,57.955078,-119.649292,0.000000,50.271484
644,645
645,646,-64.462158,0.000000,22.282227,-53.218628,0.000000,8.590820
383,647
647,648,-215.321899,0.000000,145.402832,-214.603271,0.000000,160.842285
648,649,-203.350403,0.000000,181.581055,-223.144958,0.000000,190.692871
283,650,-133.884583,0.000000,78.304688,-129.335510,0.000000,83.437988
650,651,-114.221313,0.000000,85.012695,-108.355286,0.000000,76.328125
651,652
653,654,-9.955505,0.000000,252.845703,-8.005005,0.000000,256.535156
224,655
36,656,-430.659790,0.000000,338.055176,-442.061615,0.000000,344.113281
656,657,-458.988007,0.000000,332.587891,-446.099884,0.000000,326.520996
657,658,-447.986267,0.000000,315.931152,-452.577026,0.000000,311.309082
36,659,-424.904663,0.000000,334.838867,-429.525818,0.000000,334.862305
659,660,-436.149689,0.000000,329.864746,-438.787994,0.000000,325.958008
660,661,-435.514130,0.000000,307.654297,-424.037750,0.000000,297.716797
661,662
662,663,-356.644653,0.000000,256.872559,-351.718262,0.000000,250.074707
424,664
664,665,168.556763,0.000000,219.482910,162.339478,0.000000,220.048828
665,666
666,667,154.120728,0.000000,236.320801,151.949097,0.000000,242.346680
667,668
668,669,159.165527,0.000000,257.136719,162.108276,0.000000,259.201172
669,670,165.270142,0.000000,263.144043,166.142334,0.000000,265.830078
670,671,157.686401,0.000000,266.790039,152.408081,0.000000,270.832031
671,672
672,673,136.501892,0.000000,292.871582,142.105774,0.000000,295.995117
673,674,148.166626,0.000000,304.727051,151.993042,0.000000,293.620117
674,675
675,676,162.459106,0.000000,278.640137,160.278687,0.000000,294.781738
335,677
48,678
428,679
459,680
92,681,152.306152,0.000000,600.281250,148.026123,0.000000,609.535156
681,682
682,683,156.053711,0.000000,631.052734,162.617310,0.000000,631.967285
99,684,98.206421,0.000000,556.087402,107.635498,0.000000,551.074219
140,685
145,686
364,687,-182.531494,0.000000,365.424805,-210.282837,0.000000,344.951660
176,688
176,689
523,690,157.071899,0.000000,641.597656,153.070190,0.000000,635.077637
52,691
691,692,183.287231,0.000000,29.657715,178.007202,0.000000,30.183594
692,693
693,694,173.690308,0.000000,40.203125,170.676514,0.000000,46.461914
694,695
695,696,157.702515,0.000000,57.909180,155.729858,0.000000,63.213867
696,697,149.526367,0.000000,67.370605,144.350647,0.000000,69.263672
697,698
698,699,113.392395,0.000000,82.186035,104.790649,0.000000,74.787109
699,700,91.214905,0.000000,75.718750,81.855530,0.000000,51.285645
700,701
193,702
703,704,-460.129852,0.000000,403.210449,-456.028168,0.000000,412.686523
704,705
706,707
707,708,80.568237,0.000000,660.510254,59.014038,0.000000,645.460938
709,710
234,711
711,712,102.391479,0.000000,630.032227,107.311096,0.000000,625.354492
331,713,100.465271,0.000000,643.090332,102.678101,0.000000,642.393066
713,714
221,715
224,716
573,717
227,718
229,719
719,720,-358.205811,0.000000,334.807617,-356.402283,0.000000,337.034668
35,721
234,722
513,723
241,724,-22.347717,0.000000,323.622559,-30.043762,0.000000,334.188965
279,725
725,726,150.015869,0.000000,227.989258,141.374329,0.000000,224.905273
463,727
727,728,101.152466,0.000000,633.507812,100.768433,0.000000,635.450684
728,729,97.601685,0.000000,636.069824,96.305298,0.000000,635.130859
475,730
731,732
259,733
262,734
242,735,-186.200684,0.000000,580.844238,-241.010803,0.000000,595.714355
735,736,-198.210999,0.000000,622.071289,-211.058594,0.000000,584.382324
736,737
272,738
274,739,133.892212,0.000000,232.640137,134.600342,0.000000,239.729004
277,740
273,741
288,742
288,743
743,744,10.900696,0.000000,139.525391,13.842529,0.000000,141.047852
290,745,-21.570251,0.000000,31.762695,-24.503662,0.000000,36.078613
745,746
746,747,-25.421204,0.000000,48.887695,-23.404114,0.000000,50.608398
747,748,-22.535889,0.000000,56.252930,-23.321289,0.000000,59.948242
290,749,-16.698547,0.000000,31.592773,-19.308533,0.000000,36.299805
420,750
750,751,-59.891174,0.000000,30.891113,-53.220337,0.000000,27.130371
296,752
752,753
48,754
397,755
756,757
757,758,-104.066345,0.000000,166.143066,-114.224182,0.000000,166.283691
307,759
500,760
315,761
349,762,-81.820129,0.000000,304.711914,-88.447449,0.000000,300.327637
321,763,-53.414856,0.000000,340.816895,-52.412964,0.000000,340.646484
764,765,709.600464,0.000000,-129.472656,701.952271,0.000000,-131.662109
765,766
766,767,606.975098,0.000000,-97.487305,594.943115,0.000000,-94.298584
767,768
768,769,533.048584,0.000000,-48.910645,523.121338,0.000000,-46.630371
769,770
770,771,455.951660,0.000000,-20.223633,448.145020,0.000000,-19.405273
771,772,437.486572,0.000000,-27.510254,430.827759,0.000000,-27.045898
772,773,416.981812,0.000000,-21.145996,415.702393,0.000000,-11.344238
773,774
774,775,388.787354,0.000000,20.707520,377.437744,0.000000,24.822754
775,776
776,777,271.992188,0.000000,50.260254,265.143066,0.000000,56.195801
777,778
778,779,200.391479,0.000000,120.754395,200.476929,0.000000,132.516602
335,780,92.507080,0.000000,643.745605,92.562805,0.000000,644.975098
473,781
261,782
782,783,-477.948425,0.000000,401.990723,-478.964478,0.000000,403.072266
363,784,-175.087463,0.000000,364.249023,-181.797791,0.000000,376.762695
784,785
182,786
787,788
361,789,-102.202332,0.000000,296.535645,-108.161133,0.000000,299.078613
790,791,-51.433716,0.000000,225.107910,-53.490662,0.000000,214.118164
791,792
75,793
4,794
127,795
795,796,-256.673401,0.000000,205.325684,-260.824036,0.000000,193.853027
796,797,-263.616638,0.000000,179.860352,-279.926941,0.000000,174.435547
797,798,-283.556641,0.000000,191.762695,-288.761658,0.000000,205.109863
798,799
379,800
800,801,-330.949524,0.000000,170.987793,-328.958740,0.000000,167.499023
801,802
802,803,-315.047180,0.000000,162.327637,-312.163086,0.000000,165.639160
803,804
804,805,-292.921936,0.000000,160.842285,-290.533264,0.000000,156.704590
380,806,-311.076904,0.000000,206.430664,-314.533752,0.000000,226.992188
806,807
380,808
808,809,-309.789062,0.000000,243.559082,-308.126038,0.000000,252.714844
809,810
380,811
383,812
812,813,-239.324036,0.000000,150.211914,-236.449585,0.000000,146.716797
814,815
815,816,-221.427795,0.000000,108.760254,-228.975281,0.000000,112.194336
816,817
817,818,-236.626648,0.000000,131.354980,-242.191101,0.000000,134.050293
818,819,-250.729065,0.000000,133.915039,-254.381348,0.000000,129.929688
819,820
820,821
814,822
402,823
453,824,124.176697,0.000000,502.961426,136.242859,0.000000,502.485840
441,825,102.678162,0.000000,498.531738,106.126526,0.000000,501.924805
461,826,112.790894,0.000000,591.374512,107.247192,0.000000,588.166992
826,827
827,828,95.193298,0.000000,559.490234,101.226929,0.000000,557.425293
829,830
338,831
470,832,-2.915588,0.000000,395.131836,-2.075195,0.000000,395.621582
832,833,-0.541016,0.000000,396.380859,0.268066,0.000000,395.998535
478,834
177,835
490,836
497,837,-128.941406,0.000000,247.859375,-129.289917,0.000000,244.805176
500,838
346,839
597,840
518,841,-53.543884,0.000000,346.875488,-54.272034,0.000000,347.298828
841,842,-54.928406,0.000000,346.701172,-55.328247,0.000000,347.000000
842,843
843,844,-56.482849,0.000000,348.446289,-56.248108,0.000000,348.991699
844,845,-55.716309,0.000000,349.757324,-55.293518,0.000000,349.809082
845,846,-54.479614,0.000000,350.016602,-53.966309,0.000000,349.874512
847,848,226.274780,0.000000,620.722168,202.423340,0.000000,626.545898
526,849,175.313599,0.000000,587.648438,176.654541,0.000000,581.915527
184,850,168.171265,0.000000,624.688477,163.285400,0.000000,618.190430
850,851
446,852
852,853,183.095947,0.000000,516.742188,191.623535,0.000000,516.595215
532,854,-318.152283,0.000000,340.744629,-324.883972,0.000000,320.639160
539,855
855,856,-1.341003,0.000000,65.680176,-5.319031,0.000000,56.931152
538,857,13.935425,0.000000,116.794922,20.663818,0.000000,132.432617
858,859
860,861
603,862,7.109436,0.000000,430.760742,9.263428,0.000000,423.877441
219,594
3,1
123,120
606,595,1.495728,0.000000,407.767578,1.259766,0.000000,406.920898
244,863
608,864
222,865
119,6
128,522
20,520
609,335
122,866
85,216
23,25
610,867,58.680603,0.000000,277.608887,59.201355,0.000000,275.942383
868,869
10,514
120,870
120,869
869,871,10.172058,0.000000,237.434570,9.120300,0.000000,234.921387
869,653
872,230
245,873
611,190,47.427124,0.000000,346.123535,46.879211,0.000000,348.308594
12,874
13,875
16,349
612,875,-73.821838,0.000000,284.027832,-72.742859,0.000000,283.181152
171,347
18,876
42,21
461,594
613,406,49.202393,0.000000,169.117676,50.362976,0.000000,168.298340
489,505
642,877
643,230,-455.560638,0.000000,360.368164,-458.984802,0.000000,361.242188
229,232
374,23
65,324
125,227
26,878
23,24
38,534
381,35
412,72
646,592,-35.532410,0.000000,5.066895,-33.916748,0.000000,5.312500
193,28
304,571
649,30,-225.945068,0.000000,205.809570,-226.190674,0.000000,207.202637
652,590,-78.955688,0.000000,64.949707,-76.515381,0.000000,65.004395
879,37
67,37
654,123
470,595
236,287
166,587
655,32,-24.594604,0.000000,499.644531,-19.657166,0.000000,497.376953
51,48
241,360
658,880,-457.450684,0.000000,312.907227,-459.094360,0.000000,312.142578
663,881,-351.203735,0.000000,234.335938,-357.934753,0.000000,226.745117
40,38
40,207
676,882
677,706,88.320496,0.000000,647.736328,87.784546,0.000000,648.528320
388,270
492,883
42,521
44,46
285,884
345,390
50,392
342,395
678,885,26.706787,0.000000,210.378418,25.273438,0.000000,212.945801
886,584
60,883,100.448853,0.000000,210.105469,101.057495,0.000000,211.034180
50,421
56,51
58,886
56,406
58,400
887,60
506,62
63,284,-25.543274,0.000000,170.606445,-24.323547,0.000000,169.131836
306,303,-105.537537,0.000000,130.213379,-106.958923,0.000000,129.694336
409,888,-71.892578,0.000000,85.976074,-72.184570,0.000000,86.112305
410,889
74,65
67,756
68,305
504,55
74,26,-179.411743,0.000000,227.300293,-179.377380,0.000000,229.485352
313,497
72,71
426,79
81,83,67.545959,0.000000,445.204102,66.143005,0.000000,445.559082
679,890,63.562317,0.000000,329.521973,55.733337,0.000000,338.345215
83,85
438,430
448,456
531,446
680,440,115.079712,0.000000,489.543945,113.317627,0.000000,488.014648
458,89,160.021118,0.000000,545.220215,164.684326,0.000000,551.639648
113,891
457,88,146.355103,0.000000,555.122559,152.465088,0.000000,560.995117
96,433
451,445
101,94
683,185,168.745239,0.000000,631.585938,170.547363,0.000000,631.148438
432,428
684,452,107.363708,0.000000,538.869629,109.489746,0.000000,532.723145
104,84
434,428
110,106
108,110
113,484
436,80
117,450,109.393921,0.000000,447.750977,110.296997,0.000000,448.133789
122,892
11,14,-25.083923,0.000000,290.181152,-27.736267,0.000000,294.168945
124,15,-46.816101,0.000000,320.890625,-50.041870,0.000000,319.661133
154,127
357,128,-168.859131,0.000000,391.228516,-168.727966,0.000000,391.364746
201,263
685,255,-401.488129,0.000000,529.930664,-398.040771,0.000000,533.809082
253,893
135,293
137,198
252,131
140,294
142,195
354,0
257,203,-352.361328,0.000000,410.881836,-353.057129,0.000000,407.631348
686,373,-267.735901,0.000000,295.166016,-260.559631,0.000000,298.607422
145,153
146,894
151,731
687,149
532,895
156,896,-257.733154,0.000000,235.911133,-258.418640,0.000000,235.009766
156,897,-254.877075,0.000000,235.317383,-251.754456,0.000000,233.623535
44,352
452,158
371,159
161,486
898,148
688,162,-231.678589,0.000000,380.411621,-235.172363,0.000000,379.236816
211,181,-104.223999,0.000000,237.973633,-103.963257,0.000000,239.640137
366,164
166,168
160,485
171,365
346,351
689,163,-237.824463,0.000000,390.579590,-239.690491,0.000000,391.945312
350,43
181,183
690,86,148.281494,0.000000,627.836426,146.007507,0.000000,624.312988
701,886,83.484375,0.000000,74.687500,83.832336,0.000000,78.894531
189,582
899,900
485,891
891,191
702,901,-151.488159,0.000000,178.773926,-149.999634,0.000000,178.446289
902,22
200,265
578,292
198,903
297,904
705,266,-463.252808,0.000000,432.843750,-462.746490,0.000000,434.018555
205,201
205,264
207,535
41,905
211,209
64,212
324,878
209,906
862,214,11.710327,0.000000,417.526367,12.818970,0.000000,415.942383
337,572
708,907,57.489441,0.000000,660.403809,54.827515,0.000000,660.512695
710,331,99.576355,0.000000,646.664062,99.744324,0.000000,645.844727
218,908,93.402954,0.000000,573.334961,89.802795,0.000000,574.537109
712,219
714,574,109.362366,0.000000,637.355957,109.748718,0.000000,636.782227
715,540,-28.034607,0.000000,583.523926,-26.881226,0.000000,582.376465
511,222
716,226,-16.120056,0.000000,448.516113,-15.560120,0.000000,447.368652
717,909,-88.111816,0.000000,520.069336,-89.913025,0.000000,518.812988
718,35,-359.968262,0.000000,309.342773,-360.379395,0.000000,307.375977
720,829
232,227
721,228,-362.088501,0.000000,319.183594,-361.892517,0.000000,322.597656
243,520
722,333,100.095276,0.000000,640.312988,98.923523,0.000000,640.585938
405,236
574,238
403,302,38.139038,0.000000,111.959961,32.933594,0.000000,104.311523
723,349,-66.650574,0.000000,319.777344,-72.705505,0.000000,314.696777
362,359
724,514,-38.984558,0.000000,332.554199,-39.886780,0.000000,332.581543
19,910
911,912
911,913
243,913
115,97
873,275
726,914,141.392151,0.000000,219.399414,141.260986,0.000000,218.879883
407,298
507,858
729,247
730,731,-271.085266,0.000000,387.117188,-281.257751,0.000000,380.042480
732,915,-317.063660,0.000000,353.949219,-319.601624,0.000000,352.365234
255,296
733,731,-290.631226,0.000000,377.365234,-289.634583,0.000000,375.863281
734,129,-379.578003,0.000000,356.086426,-376.988892,0.000000,356.441895
139,254
737,916,-223.670715,0.000000,632.425293,-228.317017,0.000000,629.011230
863,269
490,421
385,917
738,274,130.256226,0.000000,230.414062,129.117310,0.000000,230.742188
272,579,136.131165,0.000000,230.079590,136.903870,0.000000,229.505859
739,918,139.938660,0.000000,244.748047,141.764709,0.000000,246.796875
740,588,88.447449,0.000000,259.068359,87.963562,0.000000,259.724121
873,580
741,277,98.568604,0.000000,246.878906,97.944702,0.000000,246.578125
279,919
281,283
537,418
742,417,3.239746,0.000000,102.904785,1.751221,0.000000,97.113770
69,414
287,298
920,392
744,921
748,922,-26.993774,0.000000,63.262695,-28.859863,0.000000,64.164062
749,415
751,751
753,268,-267.488098,0.000000,631.121094,-263.148926,0.000000,632.159180
754,923,69.064636,0.000000,209.572266,73.592651,0.000000,209.791016
755,920,98.617920,0.000000,123.821289,102.040527,0.000000,122.974609
302,538
758,304,-125.561401,0.000000,166.645508,-127.411499,0.000000,164.624512
306,924,-104.569336,0.000000,129.270996,-104.699707,0.000000,127.495605
759,309,-354.305481,0.000000,333.100586,-353.314514,0.000000,334.493652
925,311
585,925
760,310,-95.414856,0.000000,287.620117,-95.803528,0.000000,287.374023
761,317,-104.205017,0.000000,284.710938,-103.148376,0.000000,286.049316
762,319,-93.107483,0.000000,293.028320,-93.565735,0.000000,291.799316
763,516,-50.496582,0.000000,340.836914,-49.460693,0.000000,340.330566
779,423
210,322,-127.302673,0.000000,238.588379,-127.349854,0.000000,238.342773
706,329
780,328,93.397339,0.000000,646.178711,93.679688,0.000000,646.534180
337,862
781,337,13.820374,0.000000,405.159180,14.260315,0.000000,406.388672
469,543
926,860
342,345
783,927
785,476,-223.134583,0.000000,416.460938,-224.687927,0.000000,418.646484
878,326
786,790,-52.770813,0.000000,238.786133,-52.575623,0.000000,237.256836
368,357,-147.730652,0.000000,376.956055,-148.980042,0.000000,378.185059
788,349,-78.975342,0.000000,309.978027,-77.987488,0.000000,310.497070
360,928
789,346,-112.654419,0.000000,304.084473,-114.441284,0.000000,306.214844
792,879,-52.867798,0.000000,197.073730,-49.746521,0.000000,196.135742
181,495,-97.296692,0.000000,256.562012,-95.691406,0.000000,260.522949
347,353
353,143
46,362
370,239
793,902,-225.217407,0.000000,273.982422,-221.605286,0.000000,272.671387
368,363
359,5
794,369,-83.547241,0.000000,413.183105,-81.742004,0.000000,410.998047
370,371
374,125
799,379,-323.238892,0.000000,185.145508,-325.748047,0.000000,185.391113
805,377
807,378,-290.452454,0.000000,230.263672,-289.097473,0.000000,230.755859
810,381,-342.656494,0.000000,275.095703,-342.999634,0.000000,276.270508
811,929,-321.202698,0.000000,233.494141,-320.687622,0.000000,235.378906
813,814,-229.443359,0.000000,140.730957,-224.061829,0.000000,142.503418
821,377,-278.704590,0.000000,128.540527,-278.885376,0.000000,130.889648
822,930,-199.904541,0.000000,173.570312,-200.142883,0.000000,176.138184
291,578
385,78
121,931
422,589
823,932,255.273560,0.000000,29.999023,257.590698,0.000000,28.797363
393,49
394,387
395,389,162.813232,0.000000,109.597168,163.429810,0.000000,109.269043
886,397
396,399
343,344
345,187
402,345
187,402
403,301
284,286
405,407
581,590
418,538
420,581
61,406
424,244
914,278,141.214172,0.000000,218.306641,141.283020,0.000000,218.060547
430,191
432,933
427,933
429,934,66.104614,0.000000,349.729004,60.297729,0.000000,348.526855
431,935
438,433
440,459
442,444
445,443,95.026062,0.000000,481.014648,91.457092,0.000000,479.949219
454,453
451,93
824,449,145.260071,0.000000,494.406738,146.057556,0.000000,492.712891
454,455
91,594
456,109
457,458
825,452,114.549133,0.000000,509.279297,108.788574,0.000000,515.064453
828,936,104.233704,0.000000,553.906738,106.550903,0.000000,553.333008
908,463
830,308,-337.241516,0.000000,343.965332,-334.585205,0.000000,344.729980
937,899
338,358
465,482
831,467,-3.765137,0.000000,390.866211,-3.507568,0.000000,392.068359
469,465
833,472,1.275146,0.000000,395.803711,1.566284,0.000000,395.666992
472,473
861,938
937,899
939,937
938,940
478,248
834,476,-226.466003,0.000000,420.524414,-226.115662,0.000000,420.387695
835,474,-247.637451,0.000000,402.939941,-248.246094,0.000000,402.939941
483,480
482,338
486,190,40.068481,0.000000,369.444336,40.248474,0.000000,369.034180
487,483,21.482300,0.000000,405.596191,21.825439,0.000000,404.312500
836,391,149.048706,0.000000,145.387695,150.477295,0.000000,141.153320
488,492
837,499
838,585,-87.201965,0.000000,281.269043,-82.572449,0.000000,276.379395
502,787
839,501,-99.705627,0.000000,294.995117,-98.627441,0.000000,294.476074
875,874
506,422,96.607300,0.000000,174.819824,99.937927,0.000000,168.947266
508,509
840,511,-15.068420,0.000000,627.679688,-16.385742,0.000000,627.679688
515,513
516,518
846,600,-53.630615,0.000000,349.326172,-53.523438,0.000000,349.135254
909,519
522,476
848,523,179.233887,0.000000,639.587402,170.857056,0.000000,639.164551
849,90,175.163452,0.000000,576.189453,174.469238,0.000000,575.370117
851,526,173.995361,0.000000,595.774902,176.321289,0.000000,593.753418
524,529
527,941
853,531,193.349243,0.000000,529.255859,180.636230,0.000000,530.948730
915,308
854,375,-332.559753,0.000000,322.017090,-334.117920,0.000000,318.466309
535,27
537,539
856,942
857,287
859,879,-46.225464,0.000000,196.269531,-46.829346,0.000000,196.324219
